signI	signJ	{measureName}
1(N01)	2(N01)	794.6339282469519
1(N01)	1(N14)	642.4168411507906
1(N01)	EN~a	575.1978683573022
1(N14)	2(N01)	573.8999129764057
1(N01)	3(N01)	508.76215460140963
2(N01)	3(N01)	440.1294371777264
1(N01)	N	438.4997947954497
1(N14)	3(N01)	413.9550629117981
1(N01)	AN	402.80019598574734
1(N01)	GAL~a	387.8558698595726
1(N14)	5(N01)	384.0109606843261
1(N01)	4(N01)	373.81263692340707
1(N01)	5(N01)	370.59451675869127
1(N14)	2(N14)	364.98954177947405
2(N01)	EN~a	356.97360988939806
1(N01)	SZE~a	354.44517968158647
1(N01)	2(N14)	352.2738519968258
1(N01)	U4	350.7512891420894
2(N01)	2(N14)	344.7489706783576
1(N14)	4(N01)	341.8561797614836
2(N01)	4(N01)	335.8528837270664
2(N01)	5(N01)	325.6627408712647
1(N14)	EN~a	301.44771837135016
1(N01)	PAP~a	300.47692151582976
1(N14)	1(N34)	297.90662398816687
1(N01)	SAL	293.64807907834785
1(N01)	NUN~a	290.21123371381515
1(N01)	GI	285.9016301984307
1(N01)	BA	285.64221711866645
2(N14)	3(N01)	281.1963698218093
1(N01)	1(N57)	280.79769684925736
1(N01)	SANGA~a	280.00559157163127
1(N01)	BU~a	278.5511093858468
1(N01)	SZU	263.15519771430246
3(N01)	5(N01)	259.9964464439987
3(N01)	4(N01)	254.82790786457167
1(N01)	1(N34)	254.62380536312008
1(N01)	A	251.24818890260534
1(N01)	NAM2	246.81922948980386
1(N01)	UDU~a	244.6405788390615
1(N14)	3(N14)	244.63665078668302
1(N14)	SZE~a	242.11741291003182
3(N01)	EN~a	241.91732441671348
1(N01)	E2~a	240.84105342253906
AN	EN~a	235.33403239368866
2(N01)	SZE~a	232.7265755282312
2(N14)	5(N01)	231.87506692394675
1(N34)	2(N14)	227.3395719424697
1(N01)	3(N14)	226.89830866528578
1(N01)	3(N57)	226.64038976217097
2(N01)	U4	224.30014898381094
2(N01)	AN	223.68273541281488
2(N14)	4(N01)	222.59862227148005
EN~a	PAP~a	219.51730818743226
1(N01)	6(N01)	215.32651397732468
1(N01)	DU	212.8071747943325
2(N01)	3(N14)	210.03623971665073
1(N34)	2(N01)	209.69063242707972
1(N14)	6(N01)	208.4233639221861
2(N01)	BA	205.91321242550342
1(N01)	ME~a	205.83220668513536
2(N14)	3(N14)	205.70047921080672
1(N01)	AB~a	205.65651672408117
2(N01)	PAP~a	203.33440930667118
1(N01)	SAG	202.49473163872153
1(N14)	U4	200.67048069247664
2(N01)	SAL	197.9427038222823
4(N01)	5(N01)	197.4940056794282
EN~a	NUN~a	197.12254858306048
2(N14)	EN~a	194.84694552897975
2(N01)	UDU~a	193.76980815687364
1(N57)	2(N01)	193.58931942477167
1(N14)	BA	190.04604752401428
5(N01)	EN~a	189.94763062064484
2(N01)	6(N01)	188.60767151293808
3(N01)	SZE~a	188.16994504814468
1(N01)	KI	188.14089037177743
1(N01)	HI	187.2528625003689
1(N01)	SI	186.2942103459991
EN~a	SZE~a	186.09344447327533
1(N01)	PA~a	184.99842775131106
1(N14)	AN	183.4360326652668
DU	EN~a	183.43203037532948
1(N14)	UDU~a	183.2407298205958
1(N01)	KU6~a	181.75049814371658
2(N14)	SZE~a	179.83301787129187
EN~a	SZU	176.99884892925465
4(N01)	EN~a	174.87020014209875
1(N01)	SZU2	174.8423546589297
1(N01)	TUR	174.37068306721935
1(N14)	GI	173.61191802321486
2(N01)	SZU	172.56369464675967
2(N01)	GI	172.459094196873
1(N34)	3(N14)	171.9733046582284
EN~a	U4	170.45573567904265
3(N01)	3(N14)	168.7221113885231
3(N01)	U4	168.7014634540017
EN~a	GAL~a	166.70448492868047
1(N14)	1(N57)	166.22869306261205
1(N14)	PAP~a	165.621921245651
1(N01)	GA~a	165.5459649159802
3(N14)	5(N01)	165.45531468918784
3(N01)	AN	163.6479640170149
1(N57)	U4	163.40157777562715
1(N01)	NE~a	161.93972675670037
1(N01)	TE	161.2609151906118
1(N01)	BAR	160.94421904989528
1(N14)	8(N01)	159.99746674920303
1(N01)	7(N01)	159.77170877733792
2(N01)	BU~a	157.81773535048436
2(N01)	E2~a	156.421936012719
1(N14)	4(N14)	156.3589945749375
1(N14)	SAL	156.2575372849906
EN~a	SAL	155.94781043049886
1(N34)	5(N01)	155.86693243272893
1(N14)	7(N01)	155.0205032973261
2(N01)	A	154.68026147281267
1(N01)	SZITA~a1	153.9390625112228
BU~a	EN~a	152.83705637830244
EN~a	GI	152.82359715431812
2(N01)	3(N57)	152.14465700990033
3(N57)	EN~a	152.14230781705706
1(N34)	3(N01)	152.07498506319843
1(N01)	NI~a	151.45337631257843
2(N01)	NUN~a	151.42410169929903
3(N01)	BA	151.35538108107923
3(N01)	6(N01)	151.0495271083191
A	EN~a	150.8750036245217
GAL~a	SANGA~a	148.14520559518863
2(N01)	SANGA~a	147.89085307604418
NAM2	SZE~a	147.84481490836765
3(N14)	4(N01)	147.2074080093744
1(N01)	SZUBUR	146.84202972730975
1(N01)	4(N14)	146.8148334945575
1(N01)	AB2	146.77100577697763
BA	EN~a	146.4040147627005
EN~a	SANGA~a	144.34852725261413
1(N01)	GAR	143.96824131189123
1(N01)	8(N01)	143.63435234297842
2(N01)	DU	143.42294217446138
2(N01)	GAL~a	142.95021473295824
2(N14)	6(N01)	142.55170144664535
BU~a	PAP~a	142.54166710935002
2(N01)	4(N14)	142.2960878266317
3(N01)	UDU~a	141.26287533203734
2(N14)	4(N14)	140.1597383622278
3(N01)	PAP~a	139.40298291359102
3(N01)	SAL	139.20010985510845
1(N34)	4(N01)	138.36185016058346
EN~a	KI	138.21917569104997
1(N01)	MUSZ3~a	138.20954323631062
4(N01)	SZE~a	138.2042612676512
1(N01)	IB~a	137.85643302002742
1(N01)	DUG~b	137.0142228876968
1(N01)	GISZ	136.59230097070073
1(N57)	3(N01)	135.97524193345336
E2~a	EN~a	135.72410864409952
1(N14)	3(N57)	135.02167670401786
3(N14)	EN~a	134.60315210315616
SZE~a	U4	134.43917223227825
EN~a	ME~a	133.2373491013974
1(N14)	SZU	132.2712029907544
4(N01)	U4	131.89733816643877
PAP~a	SAL	131.66012282538242
EN~a	PA~a	131.36411732165303
1(N34)	4(N14)	131.15295584796237
1(N01)	MUSZEN	131.03271767458145
2(N01)	7(N01)	130.81716616303285
2(N01)	8(N01)	130.56249026411174
1(N14)	SANGA~a	130.40893391507362
5(N01)	6(N01)	130.11806663411815
1(N14)	E2~a	130.09304102940587
4(N01)	6(N01)	129.97847142688497
1(N14)	A	129.68880159307582
1(N14)	5(N14)	129.17792334947188
EN~a	NAM2	129.0848208272346
1(N01)	KUR~a	128.0872434025849
EN~a	SAG	127.82522053102096
5(N01)	U4	127.19401010639031
5(N01)	SZE~a	127.07381858217812
EN~a	SI	126.86973228549957
3(N57)	PAP~a	126.61319350546428
1(N14)	GAL~a	126.58950864033655
3(N01)	GI	126.18352101141556
2(N01)	PA~a	125.86450763131761
1(N34)	EN~a	125.46620035243721
1(N57)	EN~a	124.56142114114218
3(N01)	SZU	124.09077101512281
2(N14)	U4	124.0821654131906
4(N14)	5(N01)	123.99907896491318
2(N01)	ME~a	123.69101529642631
1(N01)	DUG~c	123.42126862228584
AN	U4	122.95992844911875
1(N01)	SU~a	122.78688622242741
2(N01)	KI	122.12430236954074
2(N01)	NAM2	121.96110921757823
GI	SZE~a	121.63356315118094
3(N14)	SZE~a	121.38944157860537
2(N01)	SAG	121.31929693013244
2(N14)	BA	121.04929963369896
2(N01)	SZU2	120.19112483596945
2(N01)	SI	120.16534804131398
BA	SZE~a	120.09011803213976
1(N01)	KU3~a	119.94002840011805
1(N01)	TUG2~a	119.60296690517586
3(N01)	A	119.12704065442963
AN	PAP~a	119.11179257234464
3(N01)	4(N14)	118.53864560020966
1(N14)	NUN~a	118.08316397424524
EN~a	HI	117.87635747632362
1(N14)	DU	117.63025416631272
PAP~a	SZU	117.59072563817094
2(N01)	AB~a	117.25334936707588
PAP~a	SZE~a	116.97773034592852
2(N14)	SAL	116.73172486072698
2(N01)	KU6~a	116.67404043757864
1(N01)	DA~a	116.66368158815831
AN	NUN~a	116.54641629708253
1(N57)	5(N01)	116.42261709808298
A	AN	116.20005312786768
1(N14)	9(N01)	116.16498873568678
4(N01)	AN	115.77232688927876
1(N01)	RU	115.72708545992407
3(N01)	7(N01)	115.51978026619426
3(N01)	NUN~a	114.35901116651868
DU	PAP~a	113.90742628761413
1(N57)	2(N14)	113.86896661513691
3(N01)	3(N57)	113.6475871863455
AN	SZU	113.64430491274841
AB~a	EN~a	113.44055920771426
1(N14)	BU~a	113.12510641488427
4(N01)	BA	112.85337002302926
2(N14)	AN	112.60457618925159
AN	SZE~a	112.3494565382269
5(N01)	AN	111.98978430985528
5(N01)	UDU~a	111.69549550335388
1(N01)	MASZ	111.45659210685943
3(N01)	BU~a	111.27693005713299
3(N01)	GAL~a	110.76576799203262
GAL~a	N	110.69779993270234
2(N14)	UDU~a	110.68160126029265
1(N01)	TAK4~a	110.52304136916452
1(N14)	KU6~a	110.29382421775013
BA	GI	110.2307955882605
2(N14)	GI	109.85415680122853
3(N01)	8(N01)	109.59828421786924
1(N01)	5(N14)	108.74207165207272
1(N01)	SUHUR	108.72812241381264
1(N01)	RAD~a	108.51446265366972
AN	BU~a	108.3727177750688
AN	SAL	108.35872404700562
2(N14)	7(N01)	108.20382345365527
1(N14)	KI	107.9521668578075
1(N14)	2(N34)	107.86238884473866
PAP~a	U4	107.77766820843075
1(N14)	PA~a	107.76003482447133
EN~a	SZU2	107.55690633197904
1(N01)	9(N01)	107.00765961796361
2(N01)	BAR	106.58202346287062
3(N14)	4(N14)	106.54412170355909
1(N14)	GAR	106.42948150569704
5(N01)	SAL	106.18544471556415
3(N01)	DU	105.7031364800387
1(N14)	SZU2	105.36001482226571
2(N01)	NI~a	104.80838021803807
1(N01)	APIN~a	104.57192601323162
EN~a	UDU~a	104.48370151591102
1(N57)	4(N01)	104.12080497236886
AN	MUSZ3~a	103.61981612367448
4(N01)	4(N14)	103.51663669425389
GI	PAP~a	103.43742863987363
4(N01)	UDU~a	103.4243752600784
6(N01)	EN~a	103.39106101300037
3(N01)	SANGA~a	103.36682982983012
2(N01)	5(N14)	103.02044921363503
2(N14)	PAP~a	102.95285768079972
5(N01)	PAP~a	102.44417648765734
1(N01)	DI	102.14341759265753
1(N01)	GU7	102.06230611641949
1(N01)	KISAL~b1	101.9621549287282
EN~a	KU6~a	101.88742929894806
AN	BA	101.59088653211407
2(N01)	TUR	101.31749868600349
GAL~a	NAM2	101.29478770986721
5(N01)	8(N01)	101.248891699994
5(N01)	BA	100.9113321692259
EN~a	TE	100.64556981026146
EN~a	TUR	100.55589469692457
1(N01)	TUR3~a	100.51077877759111
3(N01)	E2~a	100.43847749027859
2(N01)	9(N01)	100.14035422926084
1(N14)	ME~a	100.13170258183798
BU~a	SZE~a	100.10717422667916
1(N01)	UNUG~a	99.96159893212321
1(N01)	UD5~a	99.91852884677938
A	BU~a	99.53672406076745
2(N14)	2(N34)	99.46728627547269
SAL	U4	99.28516308438665
AN	KI	99.24139358675521
EN~a	IB~a	99.05111494036514
AN	GI	98.85589669513111
1(N57)	BAR	98.29060594468055
BA	U4	97.95222511366093
3(N57)	E2~a	97.89509388559998
3(N57)	SAL	97.55709764528088
3(N01)	5(N14)	97.41432401731662
1(N01)	GA2~a1	97.3924046923743
1(N01)	DUG~a	97.10179417635936
1(N01)	1(N24)	97.02799171427957
2(N01)	HI	96.96697501264038
1(N57)	SAL	96.87306694712836
4(N01)	SAL	96.65160536563998
4(N01)	GI	96.64903543848463
3(N57)	U4	96.16624573384925
A	SZE~a	96.16493356234133
5(N01)	GI	96.15069985433499
GI	U4	96.12869429923794
2(N01)	GAR	96.08608444646686
1(N14)	BAR	96.05891276711527
1(N14)	NAM2	96.05409033419785
A	PAP~a	95.69267437922811
1(N45)	SZE~a	95.58140437943966
1(N34)	2(N34)	95.44165371813156
1(N14)	SI	95.28688608308705
1(N01)	ZATU753	95.14620655349366
5(N01)	7(N01)	95.06116018880957
1(N34)	SZE~a	95.04006420621523
1(N57)	BA	94.68274140019399
1(N14)	AB~a	94.64030420824488
3(N57)	SZE~a	94.48803096046733
4(N01)	PAP~a	94.46833202851379
1(N01)	GU4	94.43603338114448
2(N14)	8(N01)	94.26528321317441
1(N34)	6(N01)	94.22984665331369
1(N01)	URU~a1	94.09126978071316
PA~a	SZE~a	93.89758041415672
4(N01)	8(N01)	93.78820786806834
3(N01)	BAR	93.72371300631345
5(N14)	SZE~a	93.39124495218093
SZE~a	SZU	93.3896805981428
AN	GAL~a	93.34395708117073
2(N14)	5(N14)	93.2777885178942
AN	E2~a	93.25488506604387
3(N57)	BU~a	93.22629201160034
1(N01)	SZA	93.14176742065126
1(N01)	ERIM~a	93.13556401938628
1(N01)	U2~b	93.11535753025757
3(N14)	6(N01)	92.47155082209014
1(N01)	1(N08)	92.1781808550237
SAL	SZE~a	92.14703207831428
SAL	SZU	91.90883120857991
1(N01)	E2~b	91.87560086930405
1(N01)	NAGA~a	91.13148716454364
1(N01)	SUKKAL	91.07937162492533
4(N14)	EN~a	90.97856474646545
BU~a	SAL	90.81507043379197
4(N01)	7(N01)	90.76987101807588
3(N01)	PA~a	90.36064615463468
EN~a	SZUBUR	90.0705162256453
1(N01)	MA	89.8637139101334
1(N14)	HI	89.6850503159088
1(N01)	ERIN	89.63156197570956
5(N01)	GAL~a	89.59713396203495
2(N01)	SZITA~a1	89.49491024073214
1(N01)	UB	89.48092826855546
1(N14)	SAG	89.44360272022116
AN	HI	89.39244159286103
3(N57)	AN	89.32211491883527
3(N01)	SI	89.2901084594227
SAL	SANGA~a	89.03944995666909
BU~a	NAM2	88.951091222711
GAL~a	SZE~a	88.82466982324185
SANGA~a	SZE~a	88.59804146773445
3(N01)	SAG	88.39641765989643
2(N14)	NUN~a	88.15289759272856
2(N01)	NE~a	87.61530853177432
AN	DU	87.54230231662417
3(N57)	4(N01)	87.46183569957677
DU	SZE~a	87.40187205222855
A	GI	87.2409670683227
4(N01)	SZU	87.20156728445572
AN	SANGA~a	86.97264101584932
2(N14)	GAL~a	86.87245395305945
1(N01)	PIRIG~b1	86.56616574026917
GAL~a	NUN~a	86.47487782003165
1(N57)	UDU~a	86.3569861914948
1(N01)	SZE3	86.3461479278746
E2~a	PAP~a	86.28491677643328
3(N57)	SZU	86.14861361174535
NAM2	PAP~a	86.1321197924969
4(N14)	SZE~a	86.12757032651496
PAP~a	SANGA~a	86.06338605051114
2(N01)	SZUBUR	86.03331573947358
E2~a	SZE~a	85.89230818986758
BU~a	DU	85.72207706920393
GAL~a	SZITA~a1	85.54288068947082
2(N01)	MASZ	85.44547699913154
BU~a	E2~a	85.0626990162152
U4	UDU~a	84.89222741002688
NAM2	PA~a	84.87171602365584
3(N01)	NAM2	84.77162483138187
1(N34)	5(N14)	84.69001494447691
3(N01)	SZU2	84.6383773267379
BA	UDU~a	84.33704868682374
BU~a	U4	84.2338910817954
3(N01)	ME~a	84.22854754911785
3(N01)	KI	84.15165918809087
5(N01)	E2~a	83.38920586618983
2(N01)	KUR~a	83.09679998273424
BU~a	SZU	83.09249924992793
AN	SI	83.07316682001678
NUN~a	SANGA~a	82.73499658118865
GAL~a	SAL	82.73424784170422
EN~a	SZITA~a1	82.43851955357287
2(N01)	RU	82.30525987865292
1(N01)	U8	82.23013517548381
2(N14)	E2~a	82.07598630103485
GI	SAL	82.00716447211008
5(N01)	NUN~a	81.72038650048873
PAP~a	SI	81.59376240756768
AN	SAG	81.48596103811808
3(N14)	BA	81.2514608235412
GAL~a	SZU	81.23414299341371
6(N01)	8(N01)	81.192218944644
3(N14)	UDU~a	81.17592326648547
3(N57)	SANGA~a	81.14688806183163
2(N01)	MUSZ3~a	81.14560700645468
3(N57)	GI	81.11038994235231
A	SAL	81.04491755692106
1(N57)	PAP~a	80.99416951421493
E2~a	SAL	80.96477485091486
1(N01)	2(N57)	80.92193991907509
4(N01)	NUN~a	80.76095516630508
BA	PAP~a	80.64006721712488
1(N34)	1(N57)	80.58051178964098
6(N01)	BA	80.46876368180321
3(N57)	5(N01)	80.34422215491671
2(N01)	MUSZEN	80.32226204270549
1(N01)	AMAR	80.30482918218651
1(N01)	KAB	80.29748816565088
3(N01)	KU6~a	80.26321131267785
1(N34)	U4	80.18936185236102
2(N01)	DUG~a	80.10859701833174
SI	SZE~a	80.01641438286823
2(N01)	UD5~a	79.77777345656801
2(N01)	TE	79.76199275988483
1(N57)	SZE~a	79.65747341094729
NUN~a	U4	79.63203811649109
1(N01)	DUB~a	79.55028162497021
SZU	U4	79.47844049392128
4(N01)	BU~a	79.46538699323305
A	DU	79.22056757845384
3(N14)	5(N14)	79.1735304695982
3(N57)	DU	79.06164461733852
2(N14)	A	79.05628728489495
BAR	U4	79.00031464218058
AB~a	SZE~a	78.94036464410854
BU~a	GI	78.92798907750101
4(N01)	E2~a	78.91711876780923
5(N14)	EN~a	78.83018709866327
1(N01)	NUNUZ~a1	78.54624813186688
2(N14)	PA~a	78.50785452451156
4(N01)	A	78.31580857627753
1(N01)	MASZ2	78.25894445490346
2(N14)	3(N57)	78.19443693489451
EN~a	RU	77.94392705807567
1(N01)	1(N58)	77.93074449498133
5(N01)	SZU	77.8521927330503
EN~a	MUSZEN	77.82719628711861
AN	ME~a	77.7452646680952
2(N14)	SANGA~a	77.45034862027812
1(N14)	MASZ	77.31074079668907
GAL~a	U4	77.29050363048893
1(N34)	UDU~a	77.2364389170415
3(N01)	NI~a	77.22685760962156
3(N01)	AB~a	77.06024289059643
BU~a	GAL~a	76.92082743283488
3(N14)	U4	76.89889419024179
NI~a	RU	76.8675957407603
1(N01)	SIG2~b	76.55868586104562
EN~a	GA~a	76.33343227699686
5(N01)	5(N14)	76.31040797341683
6(N01)	UDU~a	76.29517971101328
E2~a	U4	76.12104707380443
2(N01)	DA~a	76.11746319529081
1(N34)	BA	75.99379564786582
5(N01)	BAR	75.99172098660033
2(N14)	SZU	75.89374855316723
2(N34)	3(N14)	75.79269918600667
BAR	EN~a	75.7226656939376
E2~a	SZU	75.59040209961553
3(N01)	9(N01)	75.39105921624846
1(N14)	NI~a	75.3093403287917
SANGA~a	U4	75.2716582481841
AB~a	AN	75.19748793401698
NUN~a	PAP~a	75.1387258693918
DU	SAL	75.09630370387575
GA~a	ZATU753	75.05833387020436
DU	SZU	75.0509874505393
2(N01)	GA~a	74.91983049889086
4(N01)	SANGA~a	74.78407363170612
1(N01)	SILA3~a	74.7210445622079
1(N01)	KASZ~c	74.71817505722773
1(N14)	TUR	74.70681735409599
1(N57)	3(N14)	74.70314856018904
E2~a	GI	74.70256747066531
A	SZU	74.6624745075527
3(N01)	HI	74.63458036398701
BA	SZU	74.49294271007149
GI	SZU	74.46387100596836
A	E2~a	74.42400780977307
2(N14)	BU~a	74.34162404368541
3(N14)	8(N01)	74.33994760723076
1(N01)	GI6	74.32997301759211
4(N01)	5(N14)	74.29863673267316
3(N14)	PAP~a	74.27324081601861
3(N01)	TUR	74.1733801969141
GAL~a	ME~a	74.13306096942523
1(N57)	AN	74.12058830976522
KUR~a	SAL	74.09701292948775
A	U4	74.07241004315475
1(N14)	1(N24)	74.0444206302225
1(N34)	AN	74.02583192628465
HI	NUN~a	73.95802330198077
1(N24)	2(N01)	73.8536366018548
5(N01)	A	73.8485196917126
AN	SZU2	73.76051736113172
1(N14)	DUG~a	73.6453589941882
2(N01)	TUG2~a	73.51756114182936
1(N14)	1(N45)	73.4699941382025
BU~a	SANGA~a	73.45396905994426
1(N01)	2(N34)	73.29745036320392
BAR	SAL	73.28918460264416
AB~a	GAL~a	73.18967757507532
2(N14)	NAM2	73.12198832360424
4(N01)	DU	72.8585952449016
1(N57)	3(N57)	72.8294909396984
2(N14)	GAR	72.76090955640845
DU	GI	72.74484283214433
3(N57)	A	72.61234011233574
PAP~a	PA~a	72.60354236464475
BU~a	NUN~a	72.59287224130817
EN~a	NE~a	72.45052011567158
2(N01)	IB~a	72.43769812735918
1(N01)	GADA~a	72.42637886971963
1(N34)	8(N01)	72.25114858872885
NAM2	SAL	72.17693045107198
A	BA	72.16994551712499
BU~a	KI	72.0960282059277
1(N14)	DA~a	72.07985920787942
1(N14)	MUSZEN	71.95165166329447
EN~a	RAD~a	71.94956030429067
HI	PAP~a	71.85943776291467
1(N14)	RU	71.74501382730377
KI	SZE~a	71.67594835953169
1(N34)	GI	71.67548021604313
1(N01)	UMUN2	71.51633234442886
GAL~a	GA~a	71.50348838341061
SAG	SZE~a	71.43359135063221
1(N14)	NE~a	71.36861792558055
1(N14)	UD5~a	71.23422156484544
E2~a	NUN~a	71.20873555050103
1(N14)	U8	71.13436486141414
KI	PAP~a	71.0267559504024
2(N01)	ERIM~a	71.01526243656755
2(N01)	GU7	70.96843154783097
3(N14)	AN	70.94162325700421
DU	SANGA~a	70.92811326958127
1(N01)	1(N39~a)	70.87478033929739
A	NUN~a	70.80522474004864
5(N01)	SANGA~a	70.72941349214793
3(N14)	GI	70.57261457244124
6(N01)	U4	70.48309416789206
BA	E2~a	70.43365032641965
5(N01)	BU~a	70.4050865900345
DU	KI	70.38906471449278
PAP~a	TUR	70.38088369582563
APIN~a	EN~a	70.32167569869283
BU~a	TUR	70.29788813799642
DU	U4	70.29389644739825
E2~a	SANGA~a	70.22834387734875
1(N14)	SUHUR	70.13644180905604
4(N01)	PA~a	70.07240082660262
1(N14)	AB2	70.03963766346557
1(N58)	BAD~a	70.0
AN	KU6~a	69.97093011903029
KI	U4	69.9197703226484
2(N14)	AB~a	69.87174822165721
PA~a	SAL	69.85601702426045
6(N01)	AN	69.81651744180316
1(N57)	NAM2	69.7292414183456
EN~a	KISAL~b1	69.66182835941183
BU~a	HI	69.65458486824923
PAP~a	SAG	69.57854972341336
2(N01)	ZATU753	69.57444538255535
KI	SAL	69.5693201402064
1(N01)	LAGAB~b	69.56214579918107
2(N01)	U8	69.56069744941352
1(N01)	NA~a	69.51841886964424
DU	GAL~a	69.4999728311128
1(N01)	NUN~b	69.48690763965874
NUN~a	SZE~a	69.35434918633898
DU	E2~a	69.33491986270106
EN~a	NI~a	69.19376156100418
EN~a	GISZ	69.12122981302534
4(N01)	GAL~a	69.01308841760023
1(N01)	UDUNITA~a	69.00437662397088
5(N01)	ME~a	68.93432056765
2(N01)	UNUG~a	68.85062445145746
1(N01)	ZATU659	68.84740155174771
7(N01)	EN~a	68.81967970932868
1(N57)	BU~a	68.81709093729808
1(N45)	2(N14)	68.7443811647775
1(N14)	SZITA~a1	68.7216212550895
GAL~a	PAP~a	68.5822349983694
2(N01)	2(N34)	68.581767818491
BA	SAL	68.57333120521338
2(N01)	SU~a	68.53498223660169
2(N01)	AB2	68.4942146985459
AN	NAM2	68.47655196353239
ME~a	SZE~a	68.36928007853757
1(N34)	GAL~a	68.34864252854835
1(N01)	MAR~a	68.34284317928652
5(N01)	KU6~a	68.31405156690462
1(N01)	1(N02)	68.05682679642625
1(N34)	7(N01)	67.9723564586895
1(N24)	SZE~a	67.94401459074308
2(N01)	RAD~a	67.93379939961073
1(N01)	HI@g~a	67.88583515176474
AN	UDU~a	67.86864213262308
2(N01)	UDUNITA~a	67.8500105884132
3(N14)	7(N01)	67.80077630480439
1(N01)	DIN	67.7945656274251
2(N14)	BAR	67.79032017613576
KAB	NAM2	67.73396871681186
3(N01)	SZUBUR	67.60944124269515
5(N01)	PA~a	67.5595442139416
1(N14)	2(N57)	67.55377638124858
GI	KI	67.54869258298919
AN	SZUBUR	67.54108988615833
BU~a	SI	67.40237943653901
AB~a	GI	67.35597304680063
HI	U4	67.33292707037188
6(N01)	7(N01)	67.16446017822045
HI	SAL	67.11880140997145
2(N01)	KISAL~b1	67.07137009781228
SANGA~a	SZU	67.06388993429515
1(N14)	UDUNITA~a	66.94490572629779
1(N01)	AL	66.83032096850506
5(N01)	DU	66.8001415016267
EN~a	MUSZ3~a	66.76078207533207
1(N01)	NAR	66.69314087962681
3(N01)	RU	66.69307425637489
1(N57)	GI	66.67159764665087
GAL~a	PA~a	66.65329602831018
NAM2	RAD~a	66.53730882821304
1(N14)	GU7	66.4904338885384
1(N14)	TE	66.47811157971721
PA~a	RAD~a	66.4527435349188
1(N24)	1(N39~a)	66.42585730509609
3(N01)	TE	66.35617004147511
5(N01)	SZU2	66.16299367937893
4(N14)	6(N01)	66.12003859097548
1(N01)	MU	66.09322740080819
KU6~a	SZE~a	66.03489030723459
AN	PA~a	66.03375654166055
1(N57)	6(N01)	66.03147982291914
ME~a	SANGA~a	65.93505785736754
3(N01)	MASZ	65.7994791865115
1(N57)	SZU	65.73461687729562
2(N14)	DU	65.41460030186357
GAL~a	TE	65.40060765146413
E2~a	GAL~a	65.36070293265269
1(N01)	SIG7	65.28622743429453
ME~a	SZU	65.27996764290518
1(N57)	E2~a	65.26041973846709
BU~a	ME~a	65.20597251506939
2(N14)	KU6~a	65.11803819469762
3(N01)	NE~a	65.11737162562162
4(N01)	SZU2	65.05557136342907
7(N01)	UDU~a	65.02434305547484
1(N01)	TI	64.97650101150359
NE~a	SZE~a	64.88552991720222
1(N01)	GAN2	64.86384660170856
A	GAL~a	64.79882798513606
SI	SZU	64.7717166974383
A	SI	64.6383559500213
3(N14)	GAL~a	64.60702656946641
2(N01)	GISZ	64.58164954846494
GI	NUN~a	64.48267513514868
ME~a	SAL	64.44075531488008
1(N57)	SZUBUR	64.43426323591477
SZE~a	UDU~a	64.40549348480533
2(N01)	GA2~a1	64.28799361959125
4(N01)	KI	64.28367200531797
4(N01)	NAM2	64.28137040295374
3(N14)	SAL	64.26378303029583
A	SANGA~a	64.20815393999516
3(N57)	BA	64.18457668856313
BAR	UDU~a	64.17845989252677
BU~a	PA~a	64.16304363065969
KU6~a	PAP~a	64.15727629929509
1(N01)	KASZ~b	64.1439517911818
E2~a	HI	64.02072843138615
1(N14)	RAD~a	63.85713149274699
AN	RU	63.83911249695577
2(N01)	2(N57)	63.82370938402837
SZU	UDU~a	63.79093891566362
GAL~a	GI	63.715048790334976
1(N01)	NAMESZDA	63.50366593115969
5(N01)	SI	63.44069088081319
5(N01)	NAM2	63.37012029723698
3(N14)	E2~a	63.33591454529431
2(N01)	MA	63.2546867922187
ME~a	PAP~a	63.216567547873574
2(N01)	E2~b	63.15063153263743
4(N14)	5(N14)	63.136470681780466
1(N14)	GA~a	63.08510659024542
AB~a	SANGA~a	63.08073688292267
5(N01)	AB~a	63.07770551317776
GI	UDU~a	62.8864508718394
8(N01)	EN~a	62.87164181938967
1(N08)	2(N01)	62.75227708132435
SZE~a	TE	62.689957936564426
SAL	TUR	62.58491318000365
2(N45)	SZE~a	62.54989269347193
3(N57)	SI	62.47802686793868
1(N14)	IB~a	62.38451693403255
2(N01)	DUG~c	62.367000825779265
ME~a	U4	62.351130590991154
1(N01)	NIM~a	62.32235173526568
BA	NUN~a	62.171745758237286
SI	U4	62.14395501186818
AN	MUSZEN	62.050802623483115
EN~a	GAN2	62.04854900910621
NUN~a	SZU	61.981644705725905
BA	KI	61.97776552031292
GI	SI	61.91098552175694
MUSZEN	PAP~a	61.88306626580944
2(N01)	APIN~a	61.87034607524051
A	KI	61.76059410910245
3(N57)	PIRIG~b1	61.701076916317746
3(N01)	SZITA~a1	61.681085032389646
5(N01)	9(N01)	61.44717819306438
2(N57)	U4	61.34697576039353
1(N14)	MUSZ3~a	61.31354453671284
2(N14)	9(N01)	61.306032988577044
DU	NUN~a	61.297653388675485
5(N01)	SAG	61.22078333652248
NAM2	U4	61.13094623176532
SAG	SAL	61.067299426365665
AB~a	U4	61.006416772960904
1(N01)	GUG2	61.006273003540485
2(N01)	MASZ2	60.99315316915653
4(N01)	AB~a	60.93954521159706
E2~a	KI	60.890151354535014
3(N01)	MUSZEN	60.8570689382584
HI	SZE~a	60.851435353245336
1(N14)	SZUBUR	60.648578960550644
2(N14)	SAG	60.55471028298907
3(N14)	SZU	60.434252454535475
PA~a	U4	60.35874018359262
NUN~a	SAL	60.3376308231987
HI	SZU	60.26634016025245
3(N01)	GA~a	60.24615179858861
AN	DA~a	60.207863991160345
2(N34)	3(N01)	60.20684277077406
4(N01)	BAR	60.189866193781945
1(N01)	KISZ	60.089083401512944
AN	TAK4~a	60.01078092101253
4(N01)	9(N01)	59.94530406653624
3(N14)	PA~a	59.76878934460927
3(N01)	IB~a	59.637411344141256
6(N01)	SAL	59.61602155769855
2(N14)	HI	59.597032656091145
SANGA~a	TE	59.59365803002587
1(N14)	MASZ2	59.552098841561794
3(N14)	BU~a	59.541100569788895
1(N14)	SU~a	59.28323917306171
GI	SANGA~a	59.2315754326442
GI	PA~a	59.17087709028376
BU~a	KU6~a	59.162806813644174
A	ME~a	59.128243377133266
3(N14)	A	59.03065712854557
EN~a	URU~a1	59.019854706468564
NE~a	U4	59.01640043670538
A	PA~a	58.998065476538684
4(N14)	8(N01)	58.974840612552704
E2~a	SI	58.954887294552655
2(N34)	5(N01)	58.94314972149556
EN~a	SU~a	58.93812127574099
AB~a	E2~a	58.832838480563964
6(N01)	GI	58.741478980918245
8(N01)	BA	58.699895034674235
1(N14)	APIN~a	58.698376576480264
GA~a	SANGA~a	58.66844808301899
3(N57)	HI	58.64453657432301
3(N57)	NAM2	58.58944782990013
1(N01)	ZI~a	58.58320202647921
4(N14)	U4	58.53194808132129
3(N01)	KUR~a	58.49459256724683
AB~a	ME~a	58.44539503070466
1(N57)	HI	58.386359695807634
KI	SZU	58.36697603605896
4(N01)	KU6~a	58.34567971226164
2(N57)	EN~a	58.15863776214546
DA~a	EN~a	58.146573688249376
1(N14)	KISAL~b1	58.14352910098891
GU7	SZE~a	58.11230926997447
2(N01)	TAK4~a	58.089532991682205
BA	BU~a	58.056394604071144
BA	DU	57.9183553170087
SZU	TUR	57.89516561511607
SAL	UDU~a	57.80377485822762
NAM2	NUN~a	57.77810997350389
1(N24)	3(N01)	57.774808579552875
2(N14)	SZU2	57.77364214822185
EN~a	KUR~a	57.66749423414446
1(N01)	SZA3~a1	57.65492515037869
AB~a	SAL	57.581833525820045
5(N01)	GAR	57.51891956875813
GAL~a	TUR	57.49315553804267
SAG	SZU	57.43998695029847
AN	NI~a	57.37246255778174
3(N01)	UD5~a	57.31141638619658
1(N58)	EN~a	57.26328204437339
AN	TE	57.16433951288735
NAM2	SANGA~a	57.162018609416826
GI	SAG	57.152859885646485
EN~a	UNUG~a	57.125556589659844
2(N14)	ME~a	57.125521619061544
E2~a	ME~a	57.11766483408668
BU~a	TE	57.09160552804582
1(N14)	3(N34)	57.077036855650725
1(N39~a)	SZE~a	57.07344965766536
EN~a	GA2~a1	57.04365457031649
1(N01)	2(N39~a)	56.957922794939456
2(N14)	KI	56.863655736422075
3(N57)	NUN~a	56.72951254301152
1(N34)	SZU	56.6556195485509
3(N57)	TUR	56.54551002581365
AB~a	BU~a	56.51751967229476
6(N01)	GAL~a	56.497311317883984
AN	TUR	56.431518059097925
2(N01)	NUNUZ~a1	56.420092640846775
EN~a	TUG2~a	56.383434200385295
3(N57)	GAL~a	56.35499924351702
BA	PA~a	56.32077471280978
8(N01)	UDU~a	56.2449171936328
1(N01)	URI3~a	56.172811765148985
1(N01)	ZATU752	56.130773908877806
1(N01)	ZATU737	56.01820761092316
1(N01)	UR2	55.97666863462376
BA	NAM2	55.94600627574931
1(N24)	2(N39~a)	55.912855565088556
BA	GAL~a	55.8838308793335
1(N45)	3(N01)	55.870128593623534
2(N14)	SI	55.85435992845168
2(N01)	HI@g~a	55.81561798913965
DI	NAM2	55.81200881628819
1(N14)	KUR~a	55.75886177014935
1(N45)	5(N14)	55.67514579428671
1(N01)	LAGAB~a	55.66193133152419
GAL~a	IB~a	55.64638608309691
1(N34)	9(N01)	55.6205687127667
KU6~a	SZU	55.611341314346
1(N39~a)	2(N01)	55.608687792366226
MUSZ3~a	NUN~a	55.54664993309892
3(N01)	DA~a	55.522912174171154
1(N34)	PAP~a	55.49780353144469
1(N57)	DUG~c	55.43574107459738
5(N01)	SZITA~a1	55.34431318802935
BA	SANGA~a	55.294177178242165
KU6~a	SAL	55.2407611116877
BA	BAR	55.22371951449026
DI	GAL~a	55.217566800515655
GAL~a	SAG	55.09286073513001
PA~a	UDU~a	55.05133982257044
A	UDU~a	55.02929722036308
BU~a	SZUBUR	55.017780221379205
KI	SANGA~a	54.99069427501442
5(N01)	HI	54.94529616693933
U8	UDUNITA~a	54.922748016853056
2(N01)	MU	54.88580545418294
3(N57)	AB~a	54.87071889908438
4(N01)	NI~a	54.86483009224021
4(N01)	SAG	54.85545105621229
DUG~a	EN~a	54.85472224171811
GI	HI	54.76186379669913
3(N57)	KI	54.75791825282864
3(N14)	DU	54.75576765269874
SZE~a	SZUBUR	54.74834417316502
ME~a	NUN~a	54.73222655115023
SAG	U4	54.713061359663904
PAP~a	TE	54.590726788556566
4(N01)	SI	54.50701420657004
2(N01)	NAGA~a	54.50389656205982
4(N14)	7(N01)	54.47716014304937
3(N14)	ME~a	54.45237918905126
1(N34)	SANGA~a	54.263284869770004
1(N01)	U2~a	54.156266479926884
2(N01)	PIRIG~b1	54.15159148599302
1(N01)	TUN3~a	54.14783599937372
1(N14)	GA2~a1	54.14168482964982
1(N14)	GISZ	54.04521557719989
A	NI~a	53.956812847594236
EN~a	NAGA~a	53.955424863449956
2(N01)	NA~a	53.870915276919106
APIN~a	SZE~a	53.85693519523611
4(N01)	HI	53.782027996901846
5(N01)	TUR	53.75643749683819
GAL~a	SUKKAL	53.7390379707095
A	NAM2	53.73707836390622
KI	SI	53.68022309634992
GAL~a	KI	53.68014296556563
1(N14)	LAGAB~b	53.67625358859416
3(N57)	KU6~a	53.668279419123
1(N45)	EN~a	53.62876341870109
1(N14)	HI@g~a	53.62281775125154
1(N34)	GAR	53.61179133478984
1(N01)	LA2	53.550049322487126
2(N01)	KU3~a	53.54544770187801
MASZ2	UD5~a	53.54075554666935
4(N01)	ME~a	53.495637842537256
NUN~a	SAG	53.47468316189392
DU	SAG	53.45938182559564
NI~a	SZE~a	53.44811384496612
BU~a	UDU~a	53.43805287697515
AN	NE~a	53.41162676223199
1(N45)	3(N14)	53.320812052767245
GU7	U4	53.23527290156877
4(N14)	AN	53.22721287901701
3(N57)	PA~a	53.22322829679288
4(N14)	BA	53.21551000802218
ERIN	GAL~a	53.19250238613563
2(N01)	U2~b	53.124965768118614
2(N34)	4(N14)	53.06331961410473
1(N01)	IM~a	53.0556689274581
1(N01)	HASZHUR	53.04030930499575
3(N14)	SANGA~a	53.03648007487277
1(N34)	E2~a	53.01101184745025
EN~a	TAK4~a	53.01095704026963
A	SAG	52.98500341611339
3(N57)	SU~a	52.98234515859325
NAM2	SZU	52.97899728979702
1(N34)	SAL	52.951536761036884
2(N14)	TUR	52.9488222550556
3(N57)	UDU~a	52.91901854475467
1(N57)	8(N01)	52.88946222641727
AN	GA~a	52.881167768993855
PA~a	SZU	52.86325171177974
4(N14)	UDU~a	52.827081370290074
1(N34)	BU~a	52.826431859597754
U8	UD5~a	52.806147904615415
7(N01)	BA	52.80133341997273
1(N01)	GIR3~c	52.777550078247444
3(N01)	U8	52.76895780919942
2(N14)	NI~a	52.74943888374716
BU~a	MUSZEN	52.73535801569653
5(N01)	U8	52.68031448709663
1(N57)	A	52.65139448141217
A	HI	52.64980300905063
TUR	U4	52.64649803561059
AB~a	SZU	52.63067654433079
3(N01)	GAR	52.61274580939655
3(N14)	3(N57)	52.58713032753128
ME~a	SI	52.57716064958205
6(N01)	SZE~a	52.550570286689386
E2~a	SAG	52.549707626084185
NE~a	PAP~a	52.538657681433236
2(N34)	4(N01)	52.497523645754484
2(N01)	LAGAB~b	52.410328437339004
EN~a	U2~b	52.37339233723174
AB~a	PA~a	52.364387345035844
AB~a	NUN~a	52.23675757620518
1(N08)	1(N14)	52.20178400655864
SAG	SANGA~a	52.16605534138935
3(N01)	E2~b	52.1473570113547
IB~a	SANGA~a	52.08505171736731
GAR	SZE~a	52.02995747111499
KU6~a	U4	51.99387437443411
2(N39~a)	SZE~a	51.78512716435994
BU~a	SAG	51.76871207346814
2(N01)	GAN2	51.74960662890443
3(N57)	MUSZEN	51.74924162267513
5(N01)	KI	51.74227303993526
2(N01)	KASZ~c	51.736920846232906
3(N01)	TUG2~a	51.73366349030866
SANGA~a	SI	51.70632505922786
5(N14)	6(N01)	51.70363440202306
2(N01)	NUN~b	51.70113155771462
8(N01)	U4	51.66860953268507
7(N01)	8(N01)	51.65937612057745
2(N01)	SUHUR	51.64138282181912
E2~a	TUR	51.57892549031848
BA	SAG	51.56990536793151
1(N14)	TUG2~a	51.5590071838999
2(N01)	ZATU659	51.55466015037888
1(N01)	UTUA~a	51.55056536531669
KISAL~b1	SZE~a	51.54957212424443
